[
  [
    {
      "fdcID": 1105904,
      "description": "WESSON Vegetable Oil 1 GAL",
      "publicationDate": "11/13/2020",
      "brandOwner": "Richardson Oilseed Products (US) Limited",
      "brandedFoodCategory": "Oils Edible",
      "ingredients": "Vegetable Oil",
      "servingSize": 15,
      "servingSizeUnit": "ml",
      "foodNutrients": [
        {
          "name": "Protein",
          "unitName": "g",
          "amount": 0
        },
        {
          "name": "Total lipid (fat)",
          "unitName": "g",
          "amount": 93.33
        },
        {
          "name": "Carbohydrate, by difference",
          "unitName": "g",
          "amount": 0
        },
        {
          "name": "Vitamin D (D2 + D3), International Units",
          "unitName": "IU",
          "amount": 0
        },
        {
          "name": "Fiber, total dietary",
          "unitName": "g",
          "amount": 0
        },
        {
          "name": "Total Sugars",
          "unitName": "g",
          "amount": 0
        },
        {
          "name": "Vitamin A, IU",
          "unitName": "IU",
          "amount": 0
        },
        {
          "name": "Sodium, Na",
          "unitName": "mg",
          "amount": 0
        },
        {
          "name": "Fatty acids, total monounsaturated",
          "unitName": "g",
          "amount": 20
        },
        {
          "name": "Calcium, Ca",
          "unitName": "mg",
          "amount": 0
        },
        {
          "name": "Fatty acids, total saturated",
          "unitName": "g",
          "amount": 13.33
        },
        {
          "name": "Vitamin C, total ascorbic acid",
          "unitName": "mg",
          "amount": 0
        },
        {
          "name": "Iron, Fe",
          "unitName": "mg",
          "amount": 0
        },
        {
          "name": "Energy",
          "unitName": "kcal",
          "amount": 867
        },
        {
          "name": "Potassium, K",
          "unitName": "mg",
          "amount": 0
        },
        {
          "name": "Cholesterol",
          "unitName": "mg",
          "amount": 0
        },
        {
          "name": "Fatty acids, total polyunsaturated",
          "unitName": "g",
          "amount": 53.33
        },
        {
          "name": "Fatty acids, total trans",
          "unitName": "g",
          "amount": 0
        }
      ]
    }
  ]
,[
  {
    "fdcID": 1105904,
    "description": "WESSON Vegetable Oil 1 GAL",
    "publicationDate": "11/13/2020",
    "brandOwner": "Richardson Oilseed Products (US) Limited",
    "brandedFoodCategory": "Oils Edible",
    "ingredients": "Vegetable Oil",
    "servingSize": 15,
    "servingSizeUnit": "ml",
    "foodNutrients": [
      {
        "name": "Protein",
        "unitName": "g",
        "amount": "No amount"
      },
      {
        "name": "Total lipid (fat)",
        "unitName": "g",
        "amount": 93.33
      },
      {
        "name": "Carbohydrate, by difference",
        "unitName": "g",
        "amount": "No amount"
      },
      {
        "name": "Vitamin D (D2 + D3), International Units",
        "unitName": "IU",
        "amount": "No amount"
      },
      {
        "name": "Fiber, total dietary",
        "unitName": "g",
        "amount": "No amount"
      },
      {
        "name": "Total Sugars",
        "unitName": "g",
        "amount": "No amount"
      },
      {
        "name": "Vitamin A, IU",
        "unitName": "IU",
        "amount": "No amount"
      },
      {
        "name": "Sodium, Na",
        "unitName": "mg",
        "amount": "No amount"
      },
      {
        "name": "Fatty acids, total monounsaturated",
        "unitName": "g",
        "amount": 20
      },
      {
        "name": "Calcium, Ca",
        "unitName": "mg",
        "amount": "No amount"
      },
      {
        "name": "Fatty acids, total saturated",
        "unitName": "g",
        "amount": 13.33
      },
      {
        "name": "Vitamin C, total ascorbic acid",
        "unitName": "mg",
        "amount": "No amount"
      },
      {
        "name": "Iron, Fe",
        "unitName": "mg",
        "amount": "No amount"
      },
      {
        "name": "Energy",
        "unitName": "kcal",
        "amount": 867
      },
      {
        "name": "Potassium, K",
        "unitName": "mg",
        "amount": "No amount"
      },
      {
        "name": "Cholesterol",
        "unitName": "mg",
        "amount": "No amount"
      },
      {
        "name": "Fatty acids, total polyunsaturated",
        "unitName": "g",
        "amount": 53.33
      },
      {
        "name": "Fatty acids, total trans",
        "unitName": "g",
        "amount": "No amount"
      }
    ]
  }
]]